Column1,Column2
7206684422,1
7206684422,2
7206684422,3
7206684422,4
7206684422,5
7206684422,6
7206684422,7
7206684422,8
7206684422,9
7206684422,10
7206684422,11
7206684422,12
7206684422,13
7206684422,14
7206684422,15
7206684422,16
7206684422,17
7206684422,18
7206684422,19
7206684422,20
7206684422,21
7206684422,22
7206684422,23
7206684422,24
7206684422,25
7206684422,26
7206684422,27
7206684422,28
7206684422,29
7206684422,30
7206684422,31
7206684422,32
7206684422,33
7206684422,34
7206684422,35
7206684422,36
7206684422,37
7206684422,38
7206684422,39
7206684422,40
7206684422,41
7206684422,42
7206684422,43
7206684422,44
7206684422,45
7206684422,46
7206684422,47
7206684422,48
7206684422,49
7206684422,50
